state,state_income,region,region_url
al,49671,auburn,https://auburn.craigslist.org
al,49671,birmingham,https://bham.craigslist.org
al,49671,dothan,https://dothan.craigslist.org
al,49671,florence / muscle shoals,https://shoals.craigslist.org
al,49671,gadsden-anniston,https://gadsden.craigslist.org
al,49671,huntsville / decatur,https://huntsville.craigslist.org
al,49671,mobile,https://mobile.craigslist.org
al,49671,montgomery,https://montgomery.craigslist.org
al,49671,tuscaloosa,https://tuscaloosa.craigslist.org
ak,65677,anchorage / mat-su,https://anchorage.craigslist.org
ak,65677,fairbanks,https://fairbanks.craigslist.org
ak,65677,kenai peninsula,https://kenai.craigslist.org
ak,65677,southeast alaska,https://juneau.craigslist.org
az,55574,flagstaff / sedona,https://flagstaff.craigslist.org
az,55574,mohave county,https://mohave.craigslist.org
az,55574,phoenix,https://phoenix.craigslist.org
az,55574,prescott,https://prescott.craigslist.org
az,55574,show low,https://showlow.craigslist.org
az,55574,sierra vista,https://sierravista.craigslist.org
az,55574,tucson,https://tucson.craigslist.org
az,55574,yuma,https://yuma.craigslist.org
ar,50588,fayetteville,https://fayar.craigslist.org
ar,50588,fort smith,https://fortsmith.craigslist.org
ar,50588,jonesboro,https://jonesboro.craigslist.org
ar,50588,little rock,https://littlerock.craigslist.org
ar,50588,texarkana,https://texarkana.craigslist.org
ca,76800,bakersfield,https://bakersfield.craigslist.org
ca,76800,chico,https://chico.craigslist.org
ca,76800,fresno / madera,https://fresno.craigslist.org
ca,76800,gold country,https://goldcountry.craigslist.org
ca,76800,hanford-corcoran,https://hanford.craigslist.org
ca,76800,humboldt county,https://humboldt.craigslist.org
ca,76800,imperial county,https://imperial.craigslist.org
ca,76800,inland empire,https://inlandempire.craigslist.org
ca,76800,los angeles,https://losangeles.craigslist.org
ca,76800,mendocino county,https://mendocino.craigslist.org
ca,76800,merced,https://merced.craigslist.org
ca,76800,modesto,https://modesto.craigslist.org
ca,76800,monterey bay,https://monterey.craigslist.org
ca,76800,orange county,https://orangecounty.craigslist.org
ca,76800,palm springs,https://palmsprings.craigslist.org
ca,76800,redding,https://redding.craigslist.org
ca,76800,sacramento,https://sacramento.craigslist.org
ca,76800,san diego,https://sandiego.craigslist.org
ca,76800,san luis obispo,https://slo.craigslist.org
ca,76800,santa barbara,https://santabarbara.craigslist.org
ca,76800,ventura county,https://ventura.craigslist.org
ca,76800,santa maria,https://santamaria.craigslist.org
ca,76800,SF bay area,https://sfbay.craigslist.org
ca,76800,siskiyou county,https://siskiyou.craigslist.org
ca,76800,stockton,https://stockton.craigslist.org
ca,76800,susanville,https://susanville.craigslist.org
ca,76800,visalia-tulare,https://visalia.craigslist.org
ca,76800,yuba-sutter,https://yubasutter.craigslist.org
co,70715,boulder,https://boulder.craigslist.org
co,70715,colorado springs,https://cosprings.craigslist.org
ne,61210,north platte,https://northplatte.craigslist.org
co,70715,denver,https://denver.craigslist.org
co,70715,eastern CO,https://eastco.craigslist.org
co,70715,fort collins / north CO,https://fortcollins.craigslist.org
co,70715,high rockies,https://rockies.craigslist.org
co,70715,pueblo,https://pueblo.craigslist.org
co,70715,western slope,https://westslope.craigslist.org
ct,82885,eastern CT,https://newlondon.craigslist.org
ct,82885,hartford,https://hartford.craigslist.org
ct,82885,new haven,https://newhaven.craigslist.org
ct,82885,northwest CT,https://nwct.craigslist.org
dc,96659,"washington, DC",https://washingtondc.craigslist.org
de,59846,delaware,https://delaware.craigslist.org
fl,62136,daytona beach,https://daytona.craigslist.org
fl,62136,florida keys,https://keys.craigslist.org
fl,62136,ft myers / SW florida,https://fortmyers.craigslist.org
fl,62136,gainesville,https://gainesville.craigslist.org
fl,62136,heartland florida,https://cfl.craigslist.org
fl,62136,jacksonville,https://jacksonville.craigslist.org
fl,62136,lakeland,https://lakeland.craigslist.org
fl,62136,north central FL,https://lakecity.craigslist.org
fl,62136,ocala,https://ocala.craigslist.org
fl,62136,okaloosa / walton,https://okaloosa.craigslist.org
fl,62136,orlando,https://orlando.craigslist.org
fl,62136,panama city,https://panamacity.craigslist.org
fl,62136,pensacola,https://pensacola.craigslist.org
fl,62136,sarasota-bradenton,https://sarasota.craigslist.org
fl,62136,south florida,https://miami.craigslist.org
fl,62136,space coast,https://spacecoast.craigslist.org
fl,62136,st augustine,https://staugustine.craigslist.org
fl,62136,tallahassee,https://tallahassee.craigslist.org
fl,62136,tampa bay area,https://tampa.craigslist.org
fl,62136,treasure coast,https://treasure.craigslist.org
ga,55846,albany,https://albanyga.craigslist.org
ga,55846,athens,https://athensga.craigslist.org
ga,55846,atlanta,https://atlanta.craigslist.org
ga,55846,augusta,https://augusta.craigslist.org
ga,55846,brunswick,https://brunswick.craigslist.org
ga,55846,columbus,https://columbusga.craigslist.org
ga,55846,macon / warner robins,https://macon.craigslist.org
ga,55846,northwest GA,https://nwga.craigslist.org
ga,55846,savannah / hinesville,https://savannah.craigslist.org
ga,55846,statesboro,https://statesboro.craigslist.org
ga,55846,valdosta,https://valdosta.craigslist.org
hi,60711,hawaii,https://honolulu.craigslist.org
id,52276,boise,https://boise.craigslist.org
id,52276,east idaho,https://eastidaho.craigslist.org
id,52276,lewiston / clarkston,https://lewiston.craigslist.org
id,52276,pullman / moscow,https://pullman.craigslist.org
id,52276,twin falls,https://twinfalls.craigslist.org
il,67165,bloomington-normal,https://bn.craigslist.org
il,67165,champaign urbana,https://chambana.craigslist.org
il,67165,chicago,https://chicago.craigslist.org
wi,59787,milwaukee,https://milwaukee.craigslist.org
il,67165,decatur,https://decatur.craigslist.org
il,67165,la salle co,https://lasalle.craigslist.org
il,67165,peoria,https://peoria.craigslist.org
il,67165,"quad cities, IA/IL",https://quadcities.craigslist.org
il,67165,rockford,https://rockford.craigslist.org
il,67165,southern illinois,https://carbondale.craigslist.org
il,67165,springfield,https://springfieldil.craigslist.org
il,67165,western IL,https://quincy.craigslist.org
in,56435,bloomington,https://bloomington.craigslist.org
in,56435,evansville,https://evansville.craigslist.org
in,56435,fort wayne,https://fortwayne.craigslist.org
in,56435,indianapolis,https://indianapolis.craigslist.org
in,56435,kokomo,https://kokomo.craigslist.org
in,56435,lafayette / west lafayette,https://tippecanoe.craigslist.org
in,56435,muncie / anderson,https://muncie.craigslist.org
in,56435,richmond,https://richmondin.craigslist.org
in,56435,south bend / michiana,https://southbend.craigslist.org
in,56435,terre haute,https://terrehaute.craigslist.org
ia,57080,ames,https://ames.craigslist.org
ia,57080,cedar rapids,https://cedarrapids.craigslist.org
ia,57080,des moines,https://desmoines.craigslist.org
ia,57080,dubuque,https://dubuque.craigslist.org
ia,57080,fort dodge,https://fortdodge.craigslist.org
ia,57080,iowa city,https://iowacity.craigslist.org
ia,57080,mason city,https://masoncity.craigslist.org
ia,57080,sioux city,https://siouxcity.craigslist.org
ia,57080,southeast IA,https://ottumwa.craigslist.org
ia,57080,waterloo / cedar falls,https://waterloo.craigslist.org
ks,58857,lawrence,https://lawrence.craigslist.org
ks,58857,manhattan,https://ksu.craigslist.org
ks,58857,northwest KS,https://nwks.craigslist.org
ks,58857,salina,https://salina.craigslist.org
ks,58857,southeast KS,https://seks.craigslist.org
ks,58857,southwest KS,https://swks.craigslist.org
ks,58857,topeka,https://topeka.craigslist.org
ks,58857,wichita,https://wichita.craigslist.org
ky,51298,bowling green,https://bgky.craigslist.org
ky,51298,eastern kentucky,https://eastky.craigslist.org
ky,51298,huntington-ashland,https://huntington.craigslist.org
ky,51298,lexington,https://lexington.craigslist.org
ky,51298,louisville,https://louisville.craigslist.org
ky,51298,owensboro,https://owensboro.craigslist.org
ky,51298,western KY,https://westky.craigslist.org
la,54181,baton rouge,https://batonrouge.craigslist.org
la,54181,central louisiana,https://cenla.craigslist.org
la,54181,houma,https://houma.craigslist.org
la,54181,lafayette,https://lafayette.craigslist.org
la,54181,lake charles,https://lakecharles.craigslist.org
la,54181,monroe,https://monroe.craigslist.org
la,54181,new orleans,https://neworleans.craigslist.org
la,54181,shreveport,https://shreveport.craigslist.org
me,58272,maine,https://maine.craigslist.org
md,69710,annapolis,https://annapolis.craigslist.org
md,69710,baltimore,https://baltimore.craigslist.org
md,69710,eastern shore,https://easternshore.craigslist.org
md,69710,frederick,https://frederick.craigslist.org
md,69710,southern maryland,https://smd.craigslist.org
md,69710,western maryland,https://westmd.craigslist.org
ma,83593,boston,https://boston.craigslist.org
ma,83593,cape cod / islands,https://capecod.craigslist.org
ma,83593,south coast,https://southcoast.craigslist.org
ma,83593,western massachusetts,https://westernmass.craigslist.org
ma,83593,worcester / central MA,https://worcester.craigslist.org
mi,45887,ann arbor,https://annarbor.craigslist.org
mi,45887,jackson,https://jxn.craigslist.org
oh,56995,toledo,https://toledo.craigslist.org
mi,45887,detroit metro,https://detroit.craigslist.org
mi,45887,holland,https://holland.craigslist.org
mi,45887,battle creek,https://battlecreek.craigslist.org
mi,45887,central michigan,https://centralmich.craigslist.org
mi,45887,flint,https://flint.craigslist.org
mi,45887,grand rapids,https://grandrapids.craigslist.org
mi,45887,kalamazoo,https://kalamazoo.craigslist.org
mi,45887,lansing,https://lansing.craigslist.org
mi,45887,monroe,https://monroemi.craigslist.org
mi,45887,muskegon,https://muskegon.craigslist.org
mi,45887,northern michigan,https://nmi.craigslist.org
mi,45887,port huron,https://porthuron.craigslist.org
mi,45887,saginaw-midland-baycity,https://saginaw.craigslist.org
mi,45887,southwest michigan,https://swmi.craigslist.org
mi,45887,the thumb,https://thumb.craigslist.org
mi,45887,upper peninsula,https://up.craigslist.org
mn,66232,bemidji,https://bemidji.craigslist.org
mn,66232,brainerd,https://brainerd.craigslist.org
mn,66232,duluth / superior,https://duluth.craigslist.org
mn,66232,fargo / moorhead,https://fargo.craigslist.org
mn,66232,st cloud,https://stcloud.craigslist.org
mn,66232,mankato,https://mankato.craigslist.org
mn,66232,minneapolis / st paul,https://minneapolis.craigslist.org
mn,66232,rochester,https://rmn.craigslist.org
mn,66232,southwest MN,https://marshall.craigslist.org
ms,45887,gulfport / biloxi,https://gulfport.craigslist.org
ms,45887,hattiesburg,https://hattiesburg.craigslist.org
ms,45887,jackson,https://jackson.craigslist.org
ms,45887,meridian,https://meridian.craigslist.org
ms,45887,north mississippi,https://northmiss.craigslist.org
ms,45887,southwest MS,https://natchez.craigslist.org
mo,55310,columbia / jeff city,https://columbiamo.craigslist.org
mo,55310,joplin,https://joplin.craigslist.org
mo,55310,kansas city,https://kansascity.craigslist.org
mo,55310,kirksville,https://kirksville.craigslist.org
mo,55310,lake of the ozarks,https://loz.craigslist.org
mo,55310,southeast missouri,https://semo.craigslist.org
mo,55310,springfield,https://springfield.craigslist.org
mo,55310,st joseph,https://stjoseph.craigslist.org
mo,55310,st louis,https://stlouis.craigslist.org
mt,56848,billings,https://billings.craigslist.org
mt,56848,bozeman,https://bozeman.craigslist.org
mt,56848,butte,https://butte.craigslist.org
mt,56848,eastern montana,https://montana.craigslist.org
mt,56848,great falls,https://greatfalls.craigslist.org
mt,56848,helena,https://helena.craigslist.org
mt,56848,kalispell,https://kalispell.craigslist.org
mt,56848,missoula,https://missoula.craigslist.org
nc,56095,asheville,https://asheville.craigslist.org
nc,56095,boone,https://boone.craigslist.org
nc,56095,charlotte,https://charlotte.craigslist.org
nc,56095,eastern NC,https://eastnc.craigslist.org
nc,56095,fayetteville,https://fayetteville.craigslist.org
nc,56095,greensboro,https://greensboro.craigslist.org
nc,56095,hickory / lenoir,https://hickory.craigslist.org
nc,56095,jacksonville,https://onslow.craigslist.org
nc,56095,outer banks,https://outerbanks.craigslist.org
nc,56095,raleigh / durham / CH,https://raleigh.craigslist.org
nc,56095,wilmington,https://wilmington.craigslist.org
nc,56095,winston-salem,https://winstonsalem.craigslist.org
ne,61210,grand island,https://grandisland.craigslist.org
ne,61210,lincoln,https://lincoln.craigslist.org
ne,61210,omaha / council bluffs,https://omaha.craigslist.org
ne,61210,scottsbluff / panhandle,https://scottsbluff.craigslist.org
nv,60167,elko,https://elko.craigslist.org
nv,60167,las vegas,https://lasvegas.craigslist.org
nv,60167,reno / tahoe,https://reno.craigslist.org
nj,77009,central NJ,https://cnj.craigslist.org
nj,77009,jersey shore,https://jerseyshore.craigslist.org
nj,77009,north jersey,https://newjersey.craigslist.org
nj,77009,south jersey,https://southjersey.craigslist.org
nm,50292,albuquerque,https://albuquerque.craigslist.org
nm,50292,clovis / portales,https://clovis.craigslist.org
nm,50292,farmington,https://farmington.craigslist.org
nm,50292,las cruces,https://lascruces.craigslist.org
nm,50292,roswell / carlsbad,https://roswell.craigslist.org
nm,50292,santa fe / taos,https://santafe.craigslist.org
ny,76753,albany,https://albany.craigslist.org
ny,76753,binghamton,https://binghamton.craigslist.org
ny,76753,buffalo,https://buffalo.craigslist.org
ny,76753,catskills,https://catskills.craigslist.org
ny,76753,chautauqua,https://chautauqua.craigslist.org
ny,76753,elmira-corning,https://elmira.craigslist.org
ny,76753,finger lakes,https://fingerlakes.craigslist.org
ny,76753,glens falls,https://glensfalls.craigslist.org
ny,76753,hudson valley,https://hudsonvalley.craigslist.org
ny,76753,ithaca,https://ithaca.craigslist.org
ny,76753,long island,https://longisland.craigslist.org
ny,76753,new york city,https://newyork.craigslist.org
ny,76753,oneonta,https://oneonta.craigslist.org
ny,76753,plattsburgh-adirondacks,https://plattsburgh.craigslist.org
ny,76753,potsdam-canton-massena,https://potsdam.craigslist.org
ny,76753,rochester,https://rochester.craigslist.org
ny,76753,syracuse,https://syracuse.craigslist.org
ny,76753,watertown,https://watertown.craigslist.org
ny,76753,twin tiers NY/PA,https://twintiers.craigslist.org
ny,76753,utica-rome-oneida,https://utica.craigslist.org
nh,73279,new hampshire,https://nh.craigslist.org
nd,64276,bismarck,https://bismarck.craigslist.org
nd,64276,grand forks,https://grandforks.craigslist.org
nd,64276,north dakota,https://nd.craigslist.org
oh,56995,akron / canton,https://akroncanton.craigslist.org
oh,56995,ashtabula,https://ashtabula.craigslist.org
oh,56995,athens,https://athensohio.craigslist.org
oh,56995,chillicothe,https://chillicothe.craigslist.org
oh,56995,cincinnati,https://cincinnati.craigslist.org
oh,56995,cleveland,https://cleveland.craigslist.org
oh,56995,columbus,https://columbus.craigslist.org
oh,56995,dayton / springfield,https://dayton.craigslist.org
oh,56995,lima / findlay,https://limaohio.craigslist.org
oh,56995,mansfield,https://mansfield.craigslist.org
oh,56995,northern panhandle,https://wheeling.craigslist.org
oh,56995,parkersburg-marietta,https://parkersburg.craigslist.org
oh,56995,sandusky,https://sandusky.craigslist.org
oh,56995,youngstown,https://youngstown.craigslist.org
oh,56995,zanesville / cambridge,https://zanesville.craigslist.org
ok,53808,lawton,https://lawton.craigslist.org
ok,53808,northwest OK,https://enid.craigslist.org
ok,53808,oklahoma city,https://oklahomacity.craigslist.org
ok,53808,stillwater,https://stillwater.craigslist.org
ok,53808,texoma,https://texoma.craigslist.org
ok,53808,tulsa,https://tulsa.craigslist.org
or,61449,bend,https://bend.craigslist.org
or,61449,corvallis/albany,https://corvallis.craigslist.org
or,61449,east oregon,https://eastoregon.craigslist.org
or,61449,eugene,https://eugene.craigslist.org
or,61449,klamath falls,https://klamath.craigslist.org
or,61449,medford-ashland,https://medford.craigslist.org
or,61449,oregon coast,https://oregoncoast.craigslist.org
or,61449,portland,https://portland.craigslist.org
or,61449,roseburg,https://roseburg.craigslist.org
or,61449,salem,https://salem.craigslist.org
pa,64042,altoona-johnstown,https://altoona.craigslist.org
pa,64042,lancaster,https://lancaster.craigslist.org
pa,64042,harrisburg,https://harrisburg.craigslist.org
pa,64042,cumberland valley,https://chambersburg.craigslist.org
pa,64042,erie,https://erie.craigslist.org
pa,64042,lehigh valley,https://allentown.craigslist.org
pa,64042,meadville,https://meadville.craigslist.org
pa,64042,philadelphia,https://philadelphia.craigslist.org
pa,64042,pittsburgh,https://pittsburgh.craigslist.org
pa,64042,poconos,https://poconos.craigslist.org
pa,64042,reading,https://reading.craigslist.org
pa,64042,scranton / wilkes-barre,https://scranton.craigslist.org
pa,64042,state college,https://pennstate.craigslist.org
pa,64042,williamsport,https://williamsport.craigslist.org
pa,64042,york,https://york.craigslist.org
ri,64296,rhode island,https://providence.craigslist.org
sc,52441,charleston,https://charleston.craigslist.org
sc,52441,columbia,https://columbia.craigslist.org
sc,52441,florence,https://florencesc.craigslist.org
sc,52441,greenville / upstate,https://greenville.craigslist.org
sc,52441,hilton head,https://hiltonhead.craigslist.org
sc,52441,myrtle beach,https://myrtlebeach.craigslist.org
sd,64405,northeast SD,https://nesd.craigslist.org
sd,64405,pierre / central SD,https://csd.craigslist.org
sd,64405,rapid city / west SD,https://rapidcity.craigslist.org
sd,64405,sioux falls / SE SD,https://siouxfalls.craigslist.org
sd,64405,south dakota,https://sd.craigslist.org
tn,56616,chattanooga,https://chattanooga.craigslist.org
tn,56616,clarksville,https://clarksville.craigslist.org
tn,56616,cookeville,https://cookeville.craigslist.org
tn,56616,jackson,https://jacksontn.craigslist.org
tn,56616,knoxville,https://knoxville.craigslist.org
tn,56616,memphis,https://memphis.craigslist.org
tn,56616,nashville,https://nashville.craigslist.org
tn,56616,tri-cities,https://tricities.craigslist.org
tx,59802,abilene,https://abilene.craigslist.org
tx,59802,amarillo,https://amarillo.craigslist.org
tx,59802,austin,https://austin.craigslist.org
tx,59802,beaumont / port arthur,https://beaumont.craigslist.org
tx,59802,brownsville,https://brownsville.craigslist.org
tx,59802,college station,https://collegestation.craigslist.org
tx,59802,corpus christi,https://corpuschristi.craigslist.org
tx,59802,dallas / fort worth,https://dallas.craigslist.org
tx,59802,deep east texas,https://nacogdoches.craigslist.org
tx,59802,del rio / eagle pass,https://delrio.craigslist.org
tx,59802,el paso,https://elpaso.craigslist.org
tx,59802,galveston,https://galveston.craigslist.org
tx,59802,houston,https://houston.craigslist.org
tx,59802,killeen / temple / ft hood,https://killeen.craigslist.org
tx,59802,laredo,https://laredo.craigslist.org
tx,59802,lubbock,https://lubbock.craigslist.org
tx,59802,mcallen / edinburg,https://mcallen.craigslist.org
tx,59802,odessa / midland,https://odessa.craigslist.org
tx,59802,san angelo,https://sanangelo.craigslist.org
tx,59802,san antonio,https://sanantonio.craigslist.org
tx,59802,san marcos,https://sanmarcos.craigslist.org
tx,59802,tyler / east TX,https://easttexas.craigslist.org
tx,59802,victoria,https://victoriatx.craigslist.org
tx,59802,waco,https://waco.craigslist.org
tx,59802,wichita falls,https://wichitafalls.craigslist.org
ut,56000,logan,https://logan.craigslist.org
ut,56000,ogden-clearfield,https://ogden.craigslist.org
ut,56000,provo / orem,https://provo.craigslist.org
ut,56000,salt lake city,https://saltlakecity.craigslist.org
ut,56000,st george,https://stgeorge.craigslist.org
vt,61748,vermont,https://vermont.craigslist.org
va,66190,charlottesville,https://charlottesville.craigslist.org
va,66190,danville,https://danville.craigslist.org
va,66190,fredericksburg,https://fredericksburg.craigslist.org
va,66190,harrisonburg,https://harrisonburg.craigslist.org
va,66190,lynchburg,https://lynchburg.craigslist.org
va,66190,new river valley,https://blacksburg.craigslist.org
va,66190,norfolk / hampton roads,https://norfolk.craigslist.org
va,66190,richmond,https://richmond.craigslist.org
va,66190,roanoke,https://roanoke.craigslist.org
va,66190,southwest VA,https://swva.craigslist.org
va,66190,winchester,https://winchester.craigslist.org
wa,73755,bellingham,https://bellingham.craigslist.org
wa,73755,kennewick-pasco-richland,https://kpr.craigslist.org
wa,73755,moses lake,https://moseslake.craigslist.org
wa,73755,olympic peninsula,https://olympic.craigslist.org
wa,73755,seattle-tacoma,https://seattle.craigslist.org
wa,73755,skagit / island / SJI,https://skagit.craigslist.org
wa,73755,spokane / coeur d'alene,https://spokane.craigslist.org
wa,73755,wenatchee,https://wenatchee.craigslist.org
wa,73755,yakima,https://yakima.craigslist.org
wv,48418,charleston,https://charlestonwv.craigslist.org
wv,48418,eastern panhandle,https://martinsburg.craigslist.org
wv,48418,morgantown,https://morgantown.craigslist.org
wv,48418,southern WV,https://swv.craigslist.org
wi,59787,appleton-oshkosh-FDL,https://appleton.craigslist.org
wi,59787,eau claire,https://eauclaire.craigslist.org
wi,59787,green bay,https://greenbay.craigslist.org
wi,59787,janesville,https://janesville.craigslist.org
wi,59787,kenosha-racine,https://racine.craigslist.org
wi,59787,la crosse,https://lacrosse.craigslist.org
wi,59787,madison,https://madison.craigslist.org
wi,59787,northern WI,https://northernwi.craigslist.org
wi,59787,sheboygan,https://sheboygan.craigslist.org
wi,59787,wausau,https://wausau.craigslist.org
wy,86552,wyoming,https://wyoming.craigslist.org
